{
  "model": "XGBoost",
  "best_cv_rmse": 0.027255566362680776,
  "best_params": {
    "n_estimators": 364,
    "learning_rate": 0.08233580494680338,
    "max_depth": 5,
    "min_child_weight": 5,
    "subsample": 0.8149591525927916,
    "colsample_bytree": 0.7922523434684462,
    "reg_alpha": 0.041327879609523305,
    "reg_lambda": 0.9044914528067214
  }
}