{
  "model": "XGB_Optuna_test",
  "r2": 0.9904289808808547,
  "rmse": 0.021877432499734863,
  "mae": 0.015065125574189523,
  "mape_percent": 4.597457815295557
}